{"split_1": {"ASP": {"precision": 0.8253275109170306, "recall": 0.8590909090909091, "f1": 0.8418708240534521, "number": 220}, "overall_precision": 0.8253275109170306, "overall_recall": 0.8590909090909091, "overall_f1": 0.8418708240534521, "overall_accuracy": 0.9588014981273408}, "split_2": {"ASP": {"precision": 0.763265306122449, "recall": 0.8237885462555066, "f1": 0.7923728813559322, "number": 227}, "overall_precision": 0.763265306122449, "overall_recall": 0.8237885462555066, "overall_f1": 0.7923728813559322, "overall_accuracy": 0.9577464788732394}, "split_3": {"ASP": {"precision": 0.7488584474885844, "recall": 0.845360824742268, "f1": 0.7941888619854722, "number": 194}, "overall_precision": 0.7488584474885844, "overall_recall": 0.845360824742268, "overall_f1": 0.7941888619854722, "overall_accuracy": 0.9484320557491289}, "split_4": {"ASP": {"precision": 0.7552742616033755, "recall": 0.8731707317073171, "f1": 0.8099547511312217, "number": 205}, "overall_precision": 0.7552742616033755, "overall_recall": 0.8731707317073171, "overall_f1": 0.8099547511312217, "overall_accuracy": 0.9590524534686972}, "split_5": {"ASP": {"precision": 0.7443946188340808, "recall": 0.907103825136612, "f1": 0.8177339901477833, "number": 183}, "overall_precision": 0.7443946188340808, "overall_recall": 0.907103825136612, "overall_f1": 0.8177339901477833, "overall_accuracy": 0.9598698481561823}, "split_6": {"ASP": {"precision": 0.75, "recall": 0.8762376237623762, "f1": 0.8082191780821919, "number": 202}, "overall_precision": 0.75, "overall_recall": 0.8762376237623762, "overall_f1": 0.8082191780821919, "overall_accuracy": 0.9597599717613837}, "split_7": {"ASP": {"precision": 0.7459677419354839, "recall": 0.8114035087719298, "f1": 0.7773109243697478, "number": 228}, "overall_precision": 0.7459677419354839, "overall_recall": 0.8114035087719298, "overall_f1": 0.7773109243697478, "overall_accuracy": 0.9465597862391449}, "split_8": {"ASP": {"precision": 0.7169811320754716, "recall": 0.8085106382978723, "f1": 0.76, "number": 235}, "overall_precision": 0.7169811320754716, "overall_recall": 0.8085106382978723, "overall_f1": 0.76, "overall_accuracy": 0.9592947886958776}, "split_9": {"ASP": {"precision": 0.6363636363636364, "recall": 0.7281879194630873, "f1": 0.6791862284820032, "number": 298}, "overall_precision": 0.6363636363636364, "overall_recall": 0.7281879194630873, "overall_f1": 0.6791862284820032, "overall_accuracy": 0.9569412442396313}, "split_10": {"ASP": {"precision": 0.5348837209302325, "recall": 0.6865671641791045, "f1": 0.6013071895424836, "number": 335}, "overall_precision": 0.5348837209302325, "overall_recall": 0.6865671641791045, "overall_f1": 0.6013071895424836, "overall_accuracy": 0.9524553981975354}}