{"split_1": {"ASP": {"precision": 0.5372340425531915, "recall": 0.5153061224489796, "f1": 0.5260416666666667, "number": 196}, "overall_precision": 0.5372340425531915, "overall_recall": 0.5153061224489796, "overall_f1": 0.5260416666666667, "overall_accuracy": 0.9863086534627143}, "split_2": {"ASP": {"precision": 0.4301675977653631, "recall": 0.48125, "f1": 0.45427728613569324, "number": 160}, "overall_precision": 0.4301675977653631, "overall_recall": 0.48125, "overall_f1": 0.45427728613569324, "overall_accuracy": 0.984366874674987}, "split_3": {"ASP": {"precision": 0.36, "recall": 0.33088235294117646, "f1": 0.3448275862068965, "number": 136}, "overall_precision": 0.36, "overall_recall": 0.33088235294117646, "overall_f1": 0.3448275862068965, "overall_accuracy": 0.9866014214144239}, "split_4": {"ASP": {"precision": 0.47580645161290325, "recall": 0.48360655737704916, "f1": 0.4796747967479675, "number": 122}, "overall_precision": 0.47580645161290325, "overall_recall": 0.48360655737704916, "overall_f1": 0.4796747967479675, "overall_accuracy": 0.9917803970223326}, "split_5": {"ASP": {"precision": 0.5135135135135135, "recall": 0.49222797927461137, "f1": 0.5026455026455026, "number": 193}, "overall_precision": 0.5135135135135135, "overall_recall": 0.49222797927461137, "overall_f1": 0.5026455026455026, "overall_accuracy": 0.9847210134416401}, "split_6": {"ASP": {"precision": 0.5339805825242718, "recall": 0.497737556561086, "f1": 0.5152224824355972, "number": 221}, "overall_precision": 0.5339805825242718, "overall_recall": 0.497737556561086, "overall_f1": 0.5152224824355972, "overall_accuracy": 0.9851731394681462}, "split_7": {"ASP": {"precision": 0.4365079365079365, "recall": 0.46218487394957986, "f1": 0.4489795918367347, "number": 238}, "overall_precision": 0.4365079365079365, "overall_recall": 0.46218487394957986, "overall_f1": 0.4489795918367347, "overall_accuracy": 0.9775874091044925}, "split_8": {"ASP": {"precision": 0.46153846153846156, "recall": 0.5217391304347826, "f1": 0.4897959183673469, "number": 207}, "overall_precision": 0.46153846153846156, "overall_recall": 0.5217391304347826, "overall_f1": 0.4897959183673469, "overall_accuracy": 0.9823585674306564}, "split_9": {"ASP": {"precision": 0.4245614035087719, "recall": 0.5576036866359447, "f1": 0.4820717131474104, "number": 217}, "overall_precision": 0.4245614035087719, "overall_recall": 0.5576036866359447, "overall_f1": 0.4820717131474104, "overall_accuracy": 0.9795462358198693}, "split_10": {"ASP": {"precision": 0.5220338983050847, "recall": 0.532871972318339, "f1": 0.5273972602739726, "number": 289}, "overall_precision": 0.5220338983050847, "overall_recall": 0.532871972318339, "overall_f1": 0.5273972602739726, "overall_accuracy": 0.9736083899965425}}