{"split_1": {"ASP": {"precision": 0.5343915343915344, "recall": 0.5153061224489796, "f1": 0.5246753246753246, "number": 196}, "overall_precision": 0.5343915343915344, "overall_recall": 0.5153061224489796, "overall_f1": 0.5246753246753246, "overall_accuracy": 0.9880101608806097}, "split_2": {"ASP": {"precision": 0.5, "recall": 0.54375, "f1": 0.5209580838323353, "number": 160}, "overall_precision": 0.5, "overall_recall": 0.54375, "overall_f1": 0.5209580838323353, "overall_accuracy": 0.9865669666490207}, "split_3": {"ASP": {"precision": 0.33532934131736525, "recall": 0.4117647058823529, "f1": 0.3696369636963696, "number": 136}, "overall_precision": 0.33532934131736525, "overall_recall": 0.4117647058823529, "overall_f1": 0.3696369636963696, "overall_accuracy": 0.9866879659211928}, "split_4": {"ASP": {"precision": 0.45454545454545453, "recall": 0.5327868852459017, "f1": 0.49056603773584906, "number": 122}, "overall_precision": 0.45454545454545453, "overall_recall": 0.5327868852459017, "overall_f1": 0.49056603773584906, "overall_accuracy": 0.9917464302526283}, "split_5": {"ASP": {"precision": 0.5168539325842697, "recall": 0.47668393782383417, "f1": 0.49595687331536387, "number": 193}, "overall_precision": 0.5168539325842697, "overall_recall": 0.47668393782383417, "overall_f1": 0.49595687331536387, "overall_accuracy": 0.9868442636396444}, "split_6": {"ASP": {"precision": 0.5181818181818182, "recall": 0.5158371040723982, "f1": 0.5170068027210886, "number": 221}, "overall_precision": 0.5181818181818182, "overall_recall": 0.5158371040723982, "overall_f1": 0.5170068027210886, "overall_accuracy": 0.985459158778179}, "split_7": {"ASP": {"precision": 0.45564516129032256, "recall": 0.47478991596638653, "f1": 0.46502057613168724, "number": 238}, "overall_precision": 0.45564516129032256, "overall_recall": 0.47478991596638653, "overall_f1": 0.46502057613168724, "overall_accuracy": 0.9789359244411225}, "split_8": {"ASP": {"precision": 0.45652173913043476, "recall": 0.5072463768115942, "f1": 0.48054919908466814, "number": 207}, "overall_precision": 0.45652173913043476, "overall_recall": 0.5072463768115942, "overall_f1": 0.48054919908466814, "overall_accuracy": 0.9843141497187364}, "split_9": {"ASP": {"precision": 0.4250871080139373, "recall": 0.5622119815668203, "f1": 0.4841269841269841, "number": 217}, "overall_precision": 0.4250871080139373, "overall_recall": 0.5622119815668203, "overall_f1": 0.4841269841269841, "overall_accuracy": 0.9807543724099178}, "split_10": {"ASP": {"precision": 0.5821917808219178, "recall": 0.5882352941176471, "f1": 0.5851979345955249, "number": 289}, "overall_precision": 0.5821917808219178, "overall_recall": 0.5882352941176471, "overall_f1": 0.5851979345955249, "overall_accuracy": 0.9773567104332102}}